,Data,Algorithm,min_pts,DCSI,Balance_gender,Balance_race,Balance_marital_status,ARI,NMI,Noise,Categorical,ARI_DB,NMI_DB,Setting,Degree,Balance_Mixed
0,adult_g,GroundTruth,5,2.6631936152305725e-06,0.6613479848822702,0.5129126284285997,0.4261398813663367,1.0,1.0,0.0,True,0.06321815954489218,0.0342170379845459,,,
1,adult_g,GroundTruth_DB,5,0.8655958218913117,0.6261038601815275,0.49714137214137216,0.4965819757874837,0.06321815954489218,0.0342170379845459,0.03558897243107769,True,1.0,1.0,,,
2,adult_g,FairDEN_v1,11,0.023732064743890453,0.937164176124778,0.7286374466529925,0.698965091566472,0.03753066905344644,0.008901190296459416,0.0,True,0.09069209640830515,0.11646322671484936,G,2.0,0.0
3,adult_g,FairDEN_v1,13,0.023732064743890453,0.9531330399040673,0.7208437472436728,0.6505976721485781,0.03328929918011971,0.007298107813718818,0.0,True,0.09069209640830515,0.11646322671484936,G,2.0,0.0
4,adult_g,FairDEN_v1,15,0.023732064743890453,0.9583737165196815,0.7348574261165141,0.655682042184112,0.035052479164161585,0.008138183489781903,0.0,True,0.08816829178646556,0.11497073766752629,G,2.0,0.0
5,adult_g,FairDEN_v1,10,0.023732064743890453,0.9350205702577262,0.7373752759975222,0.6958556309048997,0.0357382305991511,0.008104718082411233,0.0,True,0.09215610270693646,0.11732967355365985,G,2.0,0.0
