,Data,Algorithm,min_pts,DCSI,Balance_gender,Balance_race,Balance_marital_status,ARI,NMI,Noise,Categorical,ARI_DB,NMI_DB,Setting,Degree,Balance_Mixed
0,adult_m,GroundTruth,5,0.00013261837999597407,0.6050465831438798,0.5112179487179488,0.4430387901576694,1.0,1.0,0.0,True,0.02910980842318583,0.018111284225570606,,,
1,adult_m,GroundTruth_DB,5,0.992207735691155,0.6976466158389997,0.49259947208915833,0.4920310880829016,0.02910980842318583,0.018111284225570606,0.02564102564102564,True,1.0,1.0,,,
2,adult_m,FairDEN_v1,11,0.980629667349255,0.6431531302180744,0.49346983485001683,0.4932941602915085,0.02123459031528707,0.025267669608688252,0.0,True,0.30491674639277777,0.31762587161500483,M,2.0,0.4189838220424671
3,adult_m,FairDEN_v1,13,0.0003000680950272702,0.9451661809442709,0.8010120757008584,0.7487282292016879,0.028707946059391753,0.006070000209588992,0.0,True,0.061749765767704135,0.085864014977746,M,2.0,0.33358471593765715
4,adult_m,FairDEN_v1,15,0.0003000680950272702,0.9423068508512433,0.7871799782247211,0.7620871982554018,0.02740972284157242,0.0059529637259211465,0.0,True,0.057689804125640766,0.08338485187504388,M,2.0,0.3295625942684766
5,adult_m,FairDEN_v1,10,0.980629667349255,0.6431531302180744,0.49346983485001683,0.4932941602915085,0.02123459031528707,0.025267669608688252,0.0,True,0.30491674639277777,0.31762587161500483,M,2.0,0.4189838220424671
