,Unnamed: 0,Data,Algorithm,min_pts,DCSI,Balance_EDUCATION,Balance_MARRIAGE,ARI,NMI,Noise,Categorical,ARI_DB,NMI_DB,Degree,Combined Balance
0,0,creditcard4,GroundTruth,10,0.0,0.5402590180920455,0.894011089902765,1.0,1.0,0.0,,-0.045959313869488,0.0096382376958086,,0.38882285015622875
1,1,creditcard4,GroundTruth_DB,10,0.9101407614610472,0.1995547708605204,0.1995547708605204,-0.045959313869488,0.0096382376958086,0.1151338133405787,,1.0,1.0,,0.19955477086052045
2,2,creditcard4,FairDEN_v1,27,0.0763130157026774,0.8997155941932184,0.9296348125236756,-0.0456048083745336,0.0102254992939012,0.0,,0.6690854508780136,0.5606696990809313,2.0,0.41608756501654076
3,3,creditcard4,FairDEN_v2,27,0.0763130157026774,0.8628144673026894,0.9376144019408768,-0.0452821333935458,0.0100874555170144,0.0,,0.6660705252000717,0.5580803610600678,2.0,0.41693036210204176
4,4,creditcard4,FairDEN_v1,27,0.2586805686776258,0.7205261469841786,0.7007933864253425,-0.0112308068824284,0.0139641512898489,0.0,,0.1807850315256119,0.3261044871182086,5.0,0.41608756501654076
5,5,creditcard4,FairDEN_v2,27,0.2254326506508108,0.7196338917055249,0.695340376214141,-0.0112560080281434,0.0140086376996511,0.0,,0.1808716219424523,0.3257525715366309,5.0,0.41693036210204176
