,Unnamed: 0,Data,Algorithm,min_pts,DCSI,Balance_race,Balance_sex,ARI,NMI,Noise,Categorical,ARI_DB,NMI_DB,Degree,Combined Balance
0,0,compas2,GroundTruth,10,0.0,0.8122078059568741,0.8057475496199265,1.0,1.0,0.0,,0.0847030074647148,0.0136137707284443,,0.6272786813779077
1,1,compas2,GroundTruth_DB,10,0.9608369738647136,0.2521728876257368,0.4784934386873563,0.0847030074647148,0.0136137707284443,0.1081916537867078,,1.0,1.0,,0.12273704622162136
2,2,compas2,FairDEN_v1,9,0.4921917726267061,0.5478557052897994,0.6520819192545108,0.0645162252593577,0.0178438590280914,0.0003863987635239,,0.8644459689954419,0.6897669691061201,2.0,0.1324889939989612
3,3,compas2,FairDEN_v2,9,0.4921917726267061,0.5478557052897994,0.6520819192545108,0.0645162252593577,0.0178438590280914,0.0003863987635239,,0.8644459689954419,0.6897669691061201,2.0,0.1325380975022371
4,4,compas2,FairDEN_v1,9,0.6503864380933041,0.3284830690131159,0.4546362359789106,0.0351496548211298,0.0139562859649434,0.0003863987635239,,0.7092179153334425,0.8168329211721093,9.0,0.1324889939989612
5,5,compas2,FairDEN_v2,9,0.6503864380933041,0.3333041727954456,0.4544420810741458,0.0349426653184119,0.0138865564636314,0.0003863987635239,,0.7102722273951453,0.8192080504577077,9.0,0.1325380975022371
