,Unnamed: 0,Data,Algorithm,min_pts,DCSI,Balance_SEX,Balance_EDUCATION,ARI,NMI,Noise,Categorical,ARI_DB,NMI_DB,Degree,Combined Balance
0,0,creditcard5,GroundTruth,10,0.0,0.9451163625291336,0.540413430947533,1.0,1.0,0.0,,-0.0460659760350595,0.009685509240194,,0.4871862186849126
1,1,creditcard5,GroundTruth_DB,10,0.9101646996860236,0.7624438597446723,0.1995560318432333,-0.0460659760350595,0.0096855092401939,0.1149351309237492,,1.0,1.0,,0.19955603184323328
2,2,creditcard5,FairDEN_v1,27,0.0867975102912846,0.9896832426980162,0.8805359710138473,-0.0457028691196428,0.0102813562285849,3.387419125368382e-05,,0.6670910012579093,0.5592775877229492,2.0,0.47867106489268263
3,3,creditcard5,FairDEN_v2,27,0.076189420740846,0.9999294848918716,0.8803477622343363,-0.0460312497744669,0.0104523105841507,3.387419125368382e-05,,0.6676566682868526,0.560424483349466,2.0,0.4652463957549018
4,4,creditcard5,FairDEN_v1,27,0.2584612086385591,0.940337042989279,0.7252072310748442,-0.0112641241834583,0.0140098925174691,3.387419125368382e-05,,0.1804406672817066,0.3259300367769415,5.0,0.47867106489268263
5,5,creditcard5,FairDEN_v2,27,0.2562295414109833,0.9402140513829386,0.7196371776254399,-0.0115055585150295,0.0140001676253053,3.387419125368382e-05,,0.180647344875653,0.3259794313068745,5.0,0.4652463957549018
