,Unnamed: 0,Data,Algorithm,min_pts,DCSI,Balance_dAge,Balance_iSex,ARI,NMI,Noise,Categorical,ARI_DB,NMI_DB,Degree,Combined Balance
0,0,census1990,GroundTruth,131,0.8016815169307601,0.0,0.8459740601047114,1.0,1.0,0.2683323176924639,,1.0,1.0,,0.0
1,1,census1990,GroundTruth_DB,131,0.8016815169307601,0.0,0.8459740601047114,1.0,1.0,0.2683323176924639,,1.0,1.0,,0.0
2,2,census1990,FairDEN_v1,131,0.1749775767230983,0.5689095607670496,0.7780151873466419,0.448680694366557,0.4739888197805946,0.0002031281738777,,0.448680694366557,0.4739888197805946,2.0,0.5402224847854434
3,3,census1990,FairDEN_v2,131,0.1841211424335107,0.5661314460351845,0.8430560973051177,0.4156155189677881,0.4236605944472115,0.0002031281738777,,0.4156155189677881,0.4236605944472115,2.0,0.5092596204149111
4,4,census1990,FairDEN_v1,131,0.1749775767230983,0.5689095607670496,0.7780151873466419,0.448680694366557,0.4739888197805946,0.0002031281738777,,0.448680694366557,0.4739888197805946,2.0,0.5402224847854434
5,5,census1990,FairDEN_v2,131,0.1841211424335107,0.5661314460351845,0.8430560973051177,0.4156155189677881,0.4236605944472115,0.0002031281738777,,0.4156155189677881,0.4236605944472115,2.0,0.5092596204149111
