,Unnamed: 0,Data,Algorithm,min_pts,DCSI,Balance_race,Balance_gender,ARI,NMI,Noise,Categorical,ARI_DB,NMI_DB,Degree,Combined Balance
0,0,adult3,GroundTruth,15,1.3685346790179178e-10,0.6758015665142392,0.6551059941756576,1.0,1.0,0.0,,0.0396643058388816,0.0246440750040934,,0.5221543613293017
1,1,adult3,GroundTruth_DB,15,0.996710400621547,0.4987187834744072,0.6833066670245618,0.0396643058388816,0.0246440750040934,0.0148565043762544,,1.0,1.0,,0.49724189099139426
2,2,adult3,FairDEN_v1,9,0.990829682023644,0.4974859815017898,0.7213876327983424,0.0217666932923097,0.0247946740585299,0.0,,0.4408940956632786,0.3935326569020579,2.0,0.49646609916027756
3,3,adult3,FairDEN_v2,9,0.990829682023644,0.4974859815017898,0.7213876327983424,0.0217666932923097,0.0247946740585299,0.0,,0.4408940956632786,0.3935326569020579,2.0,0.49646609916027756
4,4,adult3,FairDEN_v1,9,0.990829682023644,0.4974859815017898,0.7213876327983424,0.0217666932923097,0.0247946740585299,0.0,,0.4408940956632786,0.3935326569020579,2.0,0.49646609916027756
5,5,adult3,FairDEN_v2,9,0.990829682023644,0.4974859815017898,0.7213876327983424,0.0217666932923097,0.0247946740585299,0.0,,0.4408940956632786,0.3935326569020579,2.0,0.49646609916027756
